0,title,location,script,company,description,level,type,function,industry
https://www.linkedin.com/jobs/view/data-scientist-at-amazon-2454065128,,,,,,,,,
https://www.linkedin.com/jobs/view/senior-data-scientist-at-github-2444405124,,,,,,,,,
https://www.linkedin.com/jobs/view/data-scientist-at-facebook-2443202248,,,,,,,,,
https://www.linkedin.com/jobs/view/machine-learning-engineer-apple-pay-at-apple-2454522010,,,,,,,,,
https://www.linkedin.com/jobs/view/data-scientist-at-stem-it-2443264882,,,,,,,,,
https://www.linkedin.com/jobs/view/data-scientist-commodityfx-analytics-at-mckinsey-company-2384553718,,,,,,,,,
https://www.linkedin.com/jobs/view/data-scientist-insurance-at-tesla-2454545848,,,,,,,,,
https://www.linkedin.com/jobs/view/associate-data-scientist-at-pfizer-2454543895,,,,,,,,,
https://www.linkedin.com/jobs/view/usa-data-scientist-at-walmart-2452578406,,,,,,,,,
https://www.linkedin.com/jobs/view/data-engineer-analyst-python-sql-at-arch-talents-llc-2466117934,,,,,,,,,
https://www.linkedin.com/jobs/view/data-applied-scientist-at-microsoft-2455910234,,,,,,,,,
https://www.linkedin.com/jobs/view/junior-data-scientist-at-lull-2466192280,,,,,,,,,
https://www.linkedin.com/jobs/view/data-scientist-at-iso-2443266628,,,,,,,,,
https://www.linkedin.com/jobs/view/data-scientist-at-datalab-usa-2466279360,,,,,,,,,
https://www.linkedin.com/jobs/view/data-scientist-at-cvs-health-2465659985,,,,,,,,,
https://www.linkedin.com/jobs/view/data-scientist-at-pricesenz-2454046627,,,,,,,,,
https://www.linkedin.com/jobs/view/data-scientist-at-consumers-energy-2466138894,,,,,,,,,
https://www.linkedin.com/jobs/view/data-scientist-i-at-amazon-web-services-aws-2451181997,,,,,,,,,
https://www.linkedin.com/jobs/view/senior-data-scientist-at-flipkart-2443216526,,,,,,,,,
https://www.linkedin.com/jobs/view/data-analyst-scientist-at-matrix-precise-2466188635,,,,,,,,,
https://www.linkedin.com/jobs/view/data-scientist-at-paypal-2454555499,,,,,,,,,
https://www.linkedin.com/jobs/view/data-scientist-at-boomtown-real-estate-platform-2454026271,,,,,,,,,
https://www.linkedin.com/jobs/view/junior-data-scientist-at-aon-2451177428,,,,,,,,,
https://www.linkedin.com/jobs/view/senior-data-scientist-at-bamf-health-2454595975,,,,,,,,,
https://www.linkedin.com/jobs/view/data-scientist-proactive-at-apple-2466123507,,,,,,,,,
https://www.linkedin.com/jobs/view/data-scientist-at-amazon-2454064183,,,,,,,,,
https://www.linkedin.com/jobs/view/data-scientist-ii-at-microsoft-2454541724,,,,,,,,,
https://www.linkedin.com/jobs/view/data-scientist-at-iso-2465527025,,,,,,,,,
https://www.linkedin.com/jobs/view/data-scientist-at-cvs-health-2466159688,,,,,,,,,
https://www.linkedin.com/jobs/view/data-scientist-at-ford-motor-company-2466051523,,,,,,,,,
https://www.linkedin.com/jobs/view/data-scientist-at-tegria-2463978303,,,,,,,,,
https://www.linkedin.com/jobs/view/data-scientist-san-mateo-at-photomath-2466018932,,,,,,,,,
https://www.linkedin.com/jobs/view/data-scientist-at-ford-motor-company-2466048788,,,,,,,,,
https://www.linkedin.com/jobs/view/data-scientist-at-amazon-2454071390,,,,,,,,,
https://www.linkedin.com/jobs/view/data-scientist-at-southwest-airlines-2454528813,,,,,,,,,
https://www.linkedin.com/jobs/view/data-scientist-ml-r-d-at-lockerdome-2463206768,,,,,,,,,
https://www.linkedin.com/jobs/view/data-scientist-at-everlane-2452500528,,,,,,,,,
https://www.linkedin.com/jobs/view/staff-data-scientist-nlp-at-walmart-2417263448,,,,,,,,,
https://www.linkedin.com/jobs/view/data-scientist-at-nike-2445572005,,,,,,,,,
https://www.linkedin.com/jobs/view/associate-data-scientist-decision-analytics-at-the-home-depot-2444425318,,,,,,,,,
https://www.linkedin.com/jobs/view/data-scientist-at-nielseniq-2448734325,,,,,,,,,
https://www.linkedin.com/jobs/view/data-scientist-research-economics-at-uber-2410090867,,,,,,,,,
https://www.linkedin.com/jobs/view/data-scientist-medical-diagnostics-at-specific-diagnostics-2454529483,,,,,,,,,
https://www.linkedin.com/jobs/view/data-scientist-at-amazon-2454050436,,,,,,,,,
https://www.linkedin.com/jobs/view/data-scientist-at-apple-2446348658,,,,,,,,,
https://www.linkedin.com/jobs/view/data-science-full-time-opportunity-at-wayfair-2424399728,,,,,,,,,
https://www.linkedin.com/jobs/view/data-applied-scientist-at-microsoft-2454043895,,,,,,,,,
https://www.linkedin.com/jobs/view/data-scientist-engineering-at-google-2374908327,,,,,,,,,
https://www.linkedin.com/jobs/view/data-scientist-at-career-search-partners-2452512929,,,,,,,,,
https://www.linkedin.com/jobs/view/scientist-data-science-at-johnson-johnson-2454026282,,,,,,,,,
https://www.linkedin.com/jobs/view/junior-data-scientist-at-jobot-2454534076,,,,,,,,,
https://www.linkedin.com/jobs/view/data-applied-scientist-at-microsoft-2454541794,,,,,,,,,
https://www.linkedin.com/jobs/view/data-scientist-at-ford-motor-company-2454544353,,,,,,,,,
https://www.linkedin.com/jobs/view/data-scientist-at-cognizant-2443266662,,,,,,,,,
https://www.linkedin.com/jobs/view/data-scientist-autonomous-driving-at-didi-2454019770,,,,,,,,,
https://www.linkedin.com/jobs/view/data-scientist-at-amazon-2431573037,,,,,,,,,
https://www.linkedin.com/jobs/view/senior-data-scientist-sparkpredict-at-sparkcognition-2466202479,,,,,,,,,
https://www.linkedin.com/jobs/view/data-engineer-at-planoly-2410489613,,,,,,,,,
https://www.linkedin.com/jobs/view/data-engineer-at-pdi-software-2361908020,,,,,,,,,
https://www.linkedin.com/jobs/view/data-scientist-clinical-informatics-boston-ma-or-south-san-francisco-ca-at-verily-life-sciences-2447951984,,,,,,,,,
https://www.linkedin.com/jobs/view/data-scientist-active-ts-clearance-required-at-big-sky-editorial-2277811943,,,,,,,,,
https://www.linkedin.com/jobs/view/data-scientist-machine-learning-engineer-at-pymetrics-2446872485,,,,,,,,,
https://www.linkedin.com/jobs/view/lead-data-engineer-at-wiser-solutions-inc-2411542495,,,,,,,,,
https://www.linkedin.com/jobs/view/lead-data-scientist-at-aspen-capital-2419120029,,,,,,,,,
https://www.linkedin.com/jobs/view/senior-data-engineer-at-lasso-2450523047,,,,,,,,,
https://www.linkedin.com/jobs/view/data-scientist-machine-learning-engineer-at-atlas-research-2345632397,,,,,,,,,
https://www.linkedin.com/jobs/view/data-engineer-at-jerry-ai-2441988166,,,,,,,,,
https://www.linkedin.com/jobs/view/data-scientist-nlp-and-computer-vision-at-biofourmis-2368693139,,,,,,,,,
https://www.linkedin.com/jobs/view/data-engineer-at-consumertrack-inc-2399318998,,,,,,,,,
https://www.linkedin.com/jobs/view/data-scientist-population-health-boston-ma-or-south-san-francisco-ca-at-verily-life-sciences-2418234525,,,,,,,,,
https://www.linkedin.com/jobs/view/research-scientist-genetic-engineering-and-single-cell-sequencing-for-the-cellular-atlas-of-the-vertebrate-development-at-chan-zuckerberg-biohub-2349832999,,,,,,,,,
https://www.linkedin.com/jobs/view/senior-ai-ml-research-scientist-at-perceptronics-solutions-inc-2390131220,,,,,,,,,
https://www.linkedin.com/jobs/view/senior-data-scientist-at-github-2444402279,,,,,,,,,
https://www.linkedin.com/jobs/view/research-scientist-medicinal-chemistry-at-daley-and-associates-llc-2370166145,,,,,,,,,
https://www.linkedin.com/jobs/view/data-engineer-at-fearless-2447520466,,,,,,,,,
https://www.linkedin.com/jobs/view/senior-data-engineer-at-treehouse-technology-group-2432475710,,,,,,,,,
https://www.linkedin.com/jobs/view/data-engineer-at-aspen-capital-2408151717,,,,,,,,,
https://www.linkedin.com/jobs/view/senior-machine-learning-engineer-jr1022587-at-broadridge-2451199369,,,,,,,,,
https://www.linkedin.com/jobs/view/data-scientist-raynham-usa-at-corin-group-2437884532,,,,,,,,,
https://www.linkedin.com/jobs/view/clinical-research-scientist-clinical-science-r-d-south-san-francisco-ca-at-verily-life-sciences-2418266750,,,,,,,,,
https://www.linkedin.com/jobs/view/data-scientist-signal-processing-south-san-francisco-ca-at-verily-life-sciences-2418230819,,,,,,,,,
https://www.linkedin.com/jobs/view/cleared-data-scientist-at-leading-path-consulting-2225819171,,,,,,,,,
https://www.linkedin.com/jobs/view/data-engineer-at-saggezza-2438750193,,,,,,,,,
https://www.linkedin.com/jobs/view/senior-research-scientist-research-scientist-%E2%80%93-proteomics-metabolomics-at-advanced-regenerative-manufacturing-institute-armi-biofabusa-2357462575,,,,,,,,,
https://www.linkedin.com/jobs/view/data-engineer-at-consumertrack-inc-2399321626,,,,,,,,,
https://www.linkedin.com/jobs/view/data-scientist-at-kellymitchell-group-inc-2379132895,,,,,,,,,
https://www.linkedin.com/jobs/view/staff-data-scientist-at-credit-karma-2378169373,,,,,,,,,
https://www.linkedin.com/jobs/view/senior-data-engineer-at-saatva-2435145410,,,,,,,,,
https://www.linkedin.com/jobs/view/data-engineer-cloud-data-developer-at-aqueduct-technologies-inc-2395562523,,,,,,,,,
https://www.linkedin.com/jobs/view/senior-data-scientist-at-walrus-health-2385716516,,,,,,,,,
https://www.linkedin.com/jobs/view/senior-staff-data-scientist-dvx-ventures-at-dvx-ventures-2362407077,,,,,,,,,
https://www.linkedin.com/jobs/view/cyber-battle-lab-network-data-engineer-blcse-at-ids-international-2382868243,,,,,,,,,
https://www.linkedin.com/jobs/view/associate-data-scientist-at-optimus-consulting-group-llc-2250215266,,,,,,,,,
https://www.linkedin.com/jobs/view/research-scientist-at-leidos-2428480288,,,,,,,,,
https://www.linkedin.com/jobs/view/2021-intern-product-data-science-at-waymo-2444837859,,,,,,,,,
https://www.linkedin.com/jobs/view/data-science-co-op-at-buoy-health-2422419632,,,,,,,,,
https://www.linkedin.com/jobs/view/usa-senior-data-scientist-international-ecommerce-search-at-walmart-2436760649,,,,,,,,,
https://www.linkedin.com/jobs/view/senior-data-science-analyst-international-at-mayo-clinic-2447992497,,,,,,,,,
https://www.linkedin.com/jobs/view/beyonders-2021-summer-program-data-science-at-beyond-limits-2339673721,,,,,,,,,
https://www.linkedin.com/jobs/view/data-science-and-analytics-co-op-summer-fall-2021-at-collins-aerospace-2398280866,,,,,,,,,
https://www.linkedin.com/jobs/view/data-science-discovery-personalization-and-recommendation-intern-at-ancestry-2429276768,,,,,,,,,
https://www.linkedin.com/jobs/view/data-engineer-junior-level-at-community-tax-llc-2465057038,,,,,,,,,
https://www.linkedin.com/jobs/view/data-science-analytics-%E2%80%93-program-management-internship-at-northwestern-mutual-2419026634,,,,,,,,,
https://www.linkedin.com/jobs/view/applied-research-data-science-intern-at-linkedin-2343349591,,,,,,,,,
https://www.linkedin.com/jobs/view/data-analytics-visualization-engineer-remote-at-york-general-health-care-services-2421418106,,,,,,,,,
https://www.linkedin.com/jobs/view/assistant-professor-data-computer-science-at-fontbonne-university-2449605224,,,,,,,,,
https://www.linkedin.com/jobs/view/manufacturing-internet-of-things-iot-data-engineer-at-brunswick-corporation-2463101993,,,,,,,,,
https://www.linkedin.com/jobs/view/moody-s-data-science-development-program-full-time-at-jobs-via-efinancialcareers-2449552039,,,,,,,,,
https://www.linkedin.com/jobs/view/data-engineer-internal-systems-la-at-route-2400215300,,,,,,,,,
https://www.linkedin.com/jobs/view/internship-opportunities-for-students-data-applied-sciences-at-microsoft-2455907950,,,,,,,,,
https://www.linkedin.com/jobs/view/customer-service-data-analytics-co-op-at-siemens-healthineers-2444836794,,,,,,,,,
https://www.linkedin.com/jobs/view/data-software-engineers-data-scientists-python-sql-linux-diverse-candidates-welcome-at-the-bivium-group-2452341631,,,,,,,,,
https://www.linkedin.com/jobs/view/data-science-internship-at-catch-intelligence-2465608395,,,,,,,,,
https://www.linkedin.com/jobs/view/gdia-product-engineering-and-management-data-engineer-at-ford-motor-company-2454540465,,,,,,,,,
https://www.linkedin.com/jobs/view/data-scientist-intern-at-moveworks-2444167600,,,,,,,,,
https://www.linkedin.com/jobs/view/postgraduate-researcher-at-national-energy-technology-laboratory-2427079843,,,,,,,,,
https://www.linkedin.com/jobs/view/data-science-internship-at-20-20-software-2465071231,,,,,,,,,
https://www.linkedin.com/jobs/view/data-scientist-intern-at-linkedin-2185778500,,,,,,,,,
https://www.linkedin.com/jobs/view/data-scientist-intern-at-epsilon-2422491263,,,,,,,,,
https://www.linkedin.com/jobs/view/data-scientist-intern-at-umba-2435157906,,,,,,,,,
https://www.linkedin.com/jobs/view/data-scientist-summer-intern-at-gohealth-2357739852,,,,,,,,,
https://www.linkedin.com/jobs/view/data-scientist-intern-at-bayer-2437178954,,,,,,,,,
https://www.linkedin.com/jobs/view/data-scientist-marketing-summer-internship-remote-at-splunk-2434204884,,,,,,,,,
https://www.linkedin.com/jobs/view/data-scientist-intern-at-extreme-networks-2457388711,,,,,,,,,
https://www.linkedin.com/jobs/view/intern-data-scientist-at-the-climate-corporation-2441669795,,,,,,,,,
https://www.linkedin.com/jobs/view/summer-2021-internship-data-scientist-at-walmart-2444138409,,,,,,,,,
https://www.linkedin.com/jobs/view/energy-ev-infrastructure-data-scientist-internship-fall-2021-at-tesla-2348471144,,,,,,,,,
https://www.linkedin.com/jobs/view/machine-learning-engineer-intern-at-miso-robotics-2454516579,,,,,,,,,
https://www.linkedin.com/jobs/view/data-scientist-%E2%80%93-intern-summer-2021-at-c3-ai-2382473014,,,,,,,,,
https://www.linkedin.com/jobs/view/machine-learning-engineer-intern-revenue-at-tinder-2446353174,,,,,,,,,
https://www.linkedin.com/jobs/view/machine-learning-data-engineer-internship-at-fintech-startup-2459814893,,,,,,,,,
https://www.linkedin.com/jobs/view/data-scientist-machine-learning-engineer-intern-summer-2021-at-clinicomp-intl-2463244420,,,,,,,,,
https://www.linkedin.com/jobs/view/data-scientist-intern-at-vee-2310758199,,,,,,,,,
https://www.linkedin.com/jobs/view/intern-data-engineer-at-american-medical-association-2464335851,,,,,,,,,
https://www.linkedin.com/jobs/view/data-engineering-data-scientist-summer-intern-at-seagate-technology-2454706271,,,,,,,,,
https://www.linkedin.com/jobs/view/data-scientist-intern-operations-analytics-at-enp-network-2452371079,,,,,,,,,
https://www.linkedin.com/jobs/view/2021-autonomous-vehicles-data-scientist-intern-at-ford-motor-company-2454543383,,,,,,,,,
https://www.linkedin.com/jobs/view/data-scientist-intern-at-internet-brands-2268820451,,,,,,,,,
https://www.linkedin.com/jobs/view/quantitative-researcher-internship-at-two-sigma-2383823496,,,,,,,,,
https://www.linkedin.com/jobs/view/mms-internship-program-data-scientist-intern-remote-at-bd-2464053449,,,,,,,,,
https://www.linkedin.com/jobs/view/machine-learning-researcher-intern-at-point72-2383279251,,,,,,,,,
https://www.linkedin.com/jobs/view/intern-data-and-computational-sciences-at-vertex-pharmaceuticals-2431308763,,,,,,,,,
https://www.linkedin.com/jobs/view/applied-research-scientist-intern-%E2%80%94-ai-and-data-science-at-domo-inc-2400239409,,,,,,,,,
https://www.linkedin.com/jobs/view/nlp-data-scientist-internship-at-vee-2304294905,,,,,,,,,
https://www.linkedin.com/jobs/view/information-technology-internship-business-intelligence-etl-and-data-science-at-selectquote-benefits-2420872272,,,,,,,,,
https://www.linkedin.com/jobs/view/data-science-intern-at-omnitracs-2447393187,,,,,,,,,
https://www.linkedin.com/jobs/view/data-science-intern-at-gvec-2464076901,,,,,,,,,
https://www.linkedin.com/jobs/view/2021-summer-undergraduate-intern-nsi-data-science-and-ai-at-novartis-2414412448,,,,,,,,,
https://www.linkedin.com/jobs/view/tmd-r-d-scientist-intern-at-instrumentation-laboratory-a-werfen-company-2396228199,,,,,,,,,
https://www.linkedin.com/jobs/view/intern-data-engineer-at-the-climate-corporation-2426125239,,,,,,,,,
https://www.linkedin.com/jobs/view/data-scientist-intern-dulles-at-verizon-media-platform-2462187189,,,,,,,,,
https://www.linkedin.com/jobs/view/internship-data-engineer-at-intelligent-medical-objects-2436204761,,,,,,,,,
https://www.linkedin.com/jobs/view/python-developer-intern-at-vee-2304298254,,,,,,,,,
https://www.linkedin.com/jobs/view/senior-user-researcher-internal-tools-remote-eligible-americas-at-spotify-2431110507,,,,,,,,,
https://www.linkedin.com/jobs/view/data-scientist-internship-homeowners-insurance-at-plymouth-rock-assurance-2388699748,,,,,,,,,
https://www.linkedin.com/jobs/view/analytical-development-intern-at-novavax-inc-2415675090,,,,,,,,,
https://www.linkedin.com/jobs/view/a-ai-machine-learning-engineer-intern-at-lockheed-martin-2446641996,,,,,,,,,
https://www.linkedin.com/jobs/view/intern-data-engineer-at-teradata-2446382757,,,,,,,,,
https://www.linkedin.com/jobs/view/2021-intern-safety-researcher-at-waymo-2424238319,,,,,,,,,
https://www.linkedin.com/jobs/view/a-ai-machine-learning-engineer-intern-at-lockheed-martin-2446648057,,,,,,,,,
https://www.linkedin.com/jobs/view/temporary-hire-student-at-national-geospatial-intelligence-agency-2464377019,,,,,,,,,
https://www.linkedin.com/jobs/view/data-engineer-intern-at-bayer-2444802997,,,,,,,,,
https://www.linkedin.com/jobs/view/postdoctoral-researcher-nuclear-engineering-at-oak-ridge-institute-for-science-and-education-2432075220,,,,,,,,,
https://www.linkedin.com/jobs/view/ux-researcher-internship-summer-at-bushel-2453652308,,,,,,,,,
https://www.linkedin.com/jobs/view/product-manager-intern-machine-learning-at-glassdoor-2438210256,,,,,,,,,
https://www.linkedin.com/jobs/view/big-data-engineer-intern-detroit-at-rock-central-2422568691,,,,,,,,,
https://www.linkedin.com/jobs/view/search-machine-learning-engineer-intern-at-moveworks-2454542642,,,,,,,,,
https://www.linkedin.com/jobs/view/data-engineer-intern-chicago-at-label-insight-2464196445,,,,,,,,,
https://www.linkedin.com/jobs/view/it-enterprise-applications-machine-learning-engineer-ms-intern-v-at-seagate-technology-2453923744,,,,,,,,,
https://www.linkedin.com/jobs/view/data-scientist-intern-at-joby-aviation-2446362714,,,,,,,,,
https://www.linkedin.com/jobs/view/data-science-engineering-intern-at-ancestry-2437347834,,,,,,,,,
https://www.linkedin.com/jobs/view/data-scientist-at-sigmaways-inc-2455904620,,,,,,,,,
https://www.linkedin.com/jobs/view/data-scientist-at-umbrex-2454597381,,,,,,,,,
https://www.linkedin.com/jobs/view/data-scientist-r-programming-at-clinovo-2452553336,,,,,,,,,
https://www.linkedin.com/jobs/view/data-scientist-at-hello-alice-2437886354,,,,,,,,,
https://www.linkedin.com/jobs/view/data-scientist-bioinformatics-pharmaceuticals-at-spectraforce-technologies-2454533994,,,,,,,,,
https://www.linkedin.com/jobs/view/data-scientist-at-data-science-talent-ltd-2463896941,,,,,,,,,
https://www.linkedin.com/jobs/view/data-scientist-at-amitech-solutions-2454071579,,,,,,,,,
https://www.linkedin.com/jobs/view/tableau-data-scientist-at-technology-ventures-2465359752,,,,,,,,,
https://www.linkedin.com/jobs/view/data-scientist-at-eight-eleven-group-2465536506,,,,,,,,,
https://www.linkedin.com/jobs/view/staff-data-scientist-at-glossier-inc-2463887926,,,,,,,,,
https://www.linkedin.com/jobs/view/data-scientist-at-matrix-resources-2464407089,,,,,,,,,
https://www.linkedin.com/jobs/view/data-scientist-intern-at-accenture-2465500723,,,,,,,,,
https://www.linkedin.com/jobs/view/data-scientist-fitness-sports-performance-category-at-solomon-page-2466186110,,,,,,,,,
https://www.linkedin.com/jobs/view/data-analysis-at-metasys-technologies-inc-2460360613,,,,,,,,,
https://www.linkedin.com/jobs/view/data-scientist-at-amerit-resources-private-limited-2464022871,,,,,,,,,
https://www.linkedin.com/jobs/view/machine-learning-engineer-at-omniforce-solutions-2464675131,,,,,,,,,
https://www.linkedin.com/jobs/view/lead-data-scientist-at-aditi-consulting-2454518683,,,,,,,,,
https://www.linkedin.com/jobs/view/data-scientist-at-fladger-associates-2451175874,,,,,,,,,
https://www.linkedin.com/jobs/view/data-scientist-at-system-one-2443217529,,,,,,,,,
https://www.linkedin.com/jobs/view/data-scientist-at-curate-partners-2448626150,,,,,,,,,
https://www.linkedin.com/jobs/view/data-scientist-at-flexton-inc-1959960383,,,,,,,,,
https://www.linkedin.com/jobs/view/data-scientist-at-make-corporation-2444170837,,,,,,,,,
https://www.linkedin.com/jobs/view/tableau-data-scientist-at-iconma-2465502735,,,,,,,,,
https://www.linkedin.com/jobs/view/data-scientist-at-ivory-systems-2437154852,,,,,,,,,
https://www.linkedin.com/jobs/view/machine-learning-engineer-at-mondo-2462815429,,,,,,,,,
https://www.linkedin.com/jobs/view/machine-learning-engineer-at-harnham-2454565724,,,,,,,,,
https://www.linkedin.com/jobs/view/jr-data-scientist-healthcare-data-analytics-at-disys-2444874430,,,,,,,,,
https://www.linkedin.com/jobs/view/data-scientist-fitness-sports-performance-category-at-solomon-page-2454545038,,,,,,,,,
https://www.linkedin.com/jobs/view/data-scientist-at-kforce-inc-2454091509,,,,,,,,,
https://www.linkedin.com/jobs/view/data-scientist-at-it-avalon-2463896767,,,,,,,,,
https://www.linkedin.com/jobs/view/data-scientist-at-e-solutions-2443263766,,,,,,,,,
https://www.linkedin.com/jobs/view/machine-learning-engineer-at-modis-2429281543,,,,,,,,,
https://www.linkedin.com/jobs/view/data-scientist-at-eteam-2454522789,,,,,,,,,
https://www.linkedin.com/jobs/view/data-scientist-at-eliassen-group-2435772974,,,,,,,,,
https://www.linkedin.com/jobs/view/data-scientist-100%25-remote-at-compugain-2436221692,,,,,,,,,
https://www.linkedin.com/jobs/view/data-scientist-at-ettain-group-2449138896,,,,,,,,,
https://www.linkedin.com/jobs/view/data-scientist-at-the-judge-group-2416719205,,,,,,,,,
https://www.linkedin.com/jobs/view/data-scientist-at-the-jacobson-group-2419676369,,,,,,,,,
https://www.linkedin.com/jobs/view/data-scientist-at-xcelerate-solutions-2463902030,,,,,,,,,
https://www.linkedin.com/jobs/view/data-scientist-at-ramboll-2455878442,,,,,,,,,
https://www.linkedin.com/jobs/view/data-science-co-op-freshmen-sophomores-preferred-at-delta-faucet-company-2418939604,,,,,,,,,
https://www.linkedin.com/jobs/view/data-science-at-e-solutions-2414770506,,,,,,,,,
https://www.linkedin.com/jobs/view/senior-research-associate-scientist-%E2%80%93-data-analytics-at-novome-biotechnologies-2444297901,,,,,,,,,
https://www.linkedin.com/jobs/view/data-scientist-routing-at-gelato-2454335454,,,,,,,,,
https://www.linkedin.com/jobs/view/statistician-data-scientist-at-centers-for-disease-control-and-prevention-2464797158,,,,,,,,,
https://www.linkedin.com/jobs/view/artificial-intelligence-machine-learning-ai-ml-research-scientist-at-lockheed-martin-2465522804,,,,,,,,,
https://www.linkedin.com/jobs/view/data-scientist-senior-at-centura-health-2447976396,,,,,,,,,
https://www.linkedin.com/jobs/view/data-scientist-contractor-at-bardess-group-ltd-2451692480,,,,,,,,,
https://www.linkedin.com/jobs/view/data-scientist-at-index-fresh-inc-2382743431,,,,,,,,,
https://www.linkedin.com/jobs/view/senior-data-scientist-chicago-at-spins-2397237577,,,,,,,,,
https://www.linkedin.com/jobs/view/data-science-graduate-research-assistant-at-university-of-maryland-2457732160,,,,,,,,,
https://www.linkedin.com/jobs/view/content-contributor-exploratory-data-analysis-at-codecademy-2440244320,,,,,,,,,
https://www.linkedin.com/jobs/view/cloud-data-engineer-data-scientist-remote-at-sealaska-2444173156,,,,,,,,,
https://www.linkedin.com/jobs/view/data-engineer-i-at-mediquant-2451694553,,,,,,,,,
https://www.linkedin.com/jobs/view/data-science-course-teaching-assistant-san-francisco-at-springboard-2413686481,,,,,,,,,
https://www.linkedin.com/jobs/view/associate-data-engineer-commercial-analytics-at-eab-2395531184,,,,,,,,,
https://www.linkedin.com/jobs/view/teaching-assistant-data-science-at-kaplan-2454048820,,,,,,,,,
https://www.linkedin.com/jobs/view/research-scientist-at-the-geneva-foundation-2446470996,,,,,,,,,
https://www.linkedin.com/jobs/view/interim-chief-data-scientist-at-lawrence-harvey-2416748201,,,,,,,,,
https://www.linkedin.com/jobs/view/cloud-data-engineer-data-scientist-remote-at-sealaska-2438841417,,,,,,,,,
https://www.linkedin.com/jobs/view/teaching-assistant-data-science-at-kaplan-test-prep-2210752858,,,,,,,,,
https://www.linkedin.com/jobs/view/data-scientist-data-engineer-with-security-clearance-at-clearancejobs-2466129882,,,,,,,,,
https://www.linkedin.com/jobs/view/data-scientist-intern-at-cubesmart-2441347483,,,,,,,,,
https://www.linkedin.com/jobs/view/part-time-instructor-data-analytics-and-data-science-online-at-uc-irvine-2438567640,,,,,,,,,
https://www.linkedin.com/jobs/view/research-scientist-3-50%25fte-at-university-of-washington-2436044516,,,,,,,,,
https://www.linkedin.com/jobs/view/part-time-data-science-instructor-at-college-of-coastal-georgia-2442627101,,,,,,,,,
https://www.linkedin.com/jobs/view/data-scientist-intern-fall-at-jacobs-2413446434,,,,,,,,,
https://www.linkedin.com/jobs/view/data-researcher-part-time-at-sporttechie-2352386495,,,,,,,,,
https://www.linkedin.com/jobs/view/research-scientist-engineer-1-at-university-of-washington-2436046346,,,,,,,,,
https://www.linkedin.com/jobs/view/research-statistician-researcher-interdisciplinary-at-u-s-department-of-the-treasury-2452753616,,,,,,,,,
https://www.linkedin.com/jobs/view/forensic-scientist-1-pattern-evidence-at-city-of-philadelphia-2452333896,,,,,,,,,
https://www.linkedin.com/jobs/view/quantitative-researcher-army-research-and-account-intelligence-at-fors-marsh-group-2434751021,,,,,,,,,
https://www.linkedin.com/jobs/view/senior-graph-machine-learning-engineer-at-uk-startup-jobs-2408527257,,,,,,,,,
https://www.linkedin.com/jobs/view/technical-research-asst-i-20-hours-day-renal-medicine-at-brigham-and-women-s-hospital-2330678680,,,,,,,,,
https://www.linkedin.com/jobs/view/user-experience-researcher-professional-apprentice-at-sherwin-williams-2418436879,,,,,,,,,
https://www.linkedin.com/jobs/view/data-engineer-azure-cosmos-at-e-solutions-2464096146,,,,,,,,,
https://www.linkedin.com/jobs/view/part-time-global-researcher-at-fieldprint-2458302565,,,,,,,,,
https://www.linkedin.com/jobs/view/clinical-lab-scientist-specialist-hematopoietic-progenitor-cell-hpc-laboratory-15297-at-uc-davis-health-2442961251,,,,,,,,,
https://www.linkedin.com/jobs/view/student-researcher-grant-funded-part-time-at-national-university-2440603958,,,,,,,,,
https://www.linkedin.com/jobs/view/aws-lead-data-engineer-w-data-science-knowledge-at-e-solutions-2405655744,,,,,,,,,
https://www.linkedin.com/jobs/view/verification-researcher-part-time-at-vertical-screen-inc-2464382570,,,,,,,,,
https://www.linkedin.com/jobs/view/research-scientist-iii-at-serco-2441326244,,,,,,,,,
https://www.linkedin.com/jobs/view/part-time-global-researcher-pa14829519-at-vertical-screen-inc-2450292358,,,,,,,,,
https://www.linkedin.com/jobs/view/mentor-data-engineering-course-part-time-remote-san-francisco-at-springboard-2413692621,,,,,,,,,
https://www.linkedin.com/jobs/view/vulnerability-researcher-part-time-option-available-with-security-clearance-at-clearancejobs-2460378363,,,,,,,,,
https://www.linkedin.com/jobs/view/vulnerability-researcher-part-time-with-security-clearance-at-clearancejobs-2438974088,,,,,,,,,
https://www.linkedin.com/jobs/view/data-researcher-part-time-at-sporttechie-2352390061,,,,,,,,,
https://www.linkedin.com/jobs/view/data-science-lead-at-e-solutions-2388221167,,,,,,,,,
https://www.linkedin.com/jobs/view/forensic-scientist-1-chemistry-job-at-philadelphia-international-airport-phl-2465681521,,,,,,,,,
https://www.linkedin.com/jobs/view/medical-lab-scientist-mls-at-ascension-2452482266,,,,,,,,,
https://www.linkedin.com/jobs/view/ase-stem-leaders-undergraduate-researcher-corvallis-at-oregon-state-university-2418354272,,,,,,,,,
https://www.linkedin.com/jobs/view/mls-medical-lab-scientist-at-ascension-2452484097,,,,,,,,,
https://www.linkedin.com/jobs/view/forensic-scientist-1-chemistry-at-city-of-philadelphia-2452938959,,,,,,,,,
https://www.linkedin.com/jobs/view/part-time-instructor-corporate-course-for-integrated-marketing-at-uc-irvine-2438568540,,,,,,,,,
https://www.linkedin.com/jobs/view/financial-analyst-data-scientist-cg-1160-15-at-federal-deposit-insurance-corporation-fdic-2465230413,,,,,,,,,
,Data Scientist,"Seattle, WA","{""@context"":""http://schema.org"",""@type"":""JobPosting"",""datePosted"":""2021-03-17T15:24:00.000Z"",""description"":""\u003Cstrong\u003E\u003Cu\u003EDescription\u003Cbr\u003E\u003Cbr\u003E\u003C/u\u003E\u003C/strong\u003EThe Amazon Devices-Demand Planning team is seeking an outstanding scientist with strong analytical and communication skills to help with demand forecasting and supply optimization for the entire Amazon device family of products and accessories. We develop scalable and robust state-of-the-art solutions that involve learning from different data sources. This role is central to the continued growth of Amazon Device division as we have grown from the first Kindle E-Reader to a vast portfolio of Echo, Fire TV, Fire Tablet, E-Reader, Ring and many other devices. With better forecasts we drive down supply chain costs, enabling the offer of lower prices and better in-stock selection for our customers.\u003Cbr\u003EIn this role, you will have an opportunity to both develop advanced scientific solutions and drive critical customer and business impacts. You will play a key role to drive end-to-end solutions from understanding our business requirements, exploring a large amount of historical data, building prototypes and exploring conceptually new solutions, to working with partner teams for prod deployment. You will collaborate closely with engineering peers as well as business stakeholders. You will be at the heart of a growing and exciting focus area for Amazon Devices.\u003Cbr\u003E\u003Cbr\u003EYou are an individual with outstanding analytical abilities, excellent communication skills, and are comfortable working with cross-functional teams and systems. You will be responsible for researching, prototyping, experimenting, and analyzing predictive models.\u003Cbr\u003E\u003Cbr\u003E\u003Cstrong\u003E\u003Cu\u003EKey Responsibilities\u003Cbr\u003E\u003C/u\u003E\u003C/strong\u003E\u003Cul\u003E\u003Cli\u003E Research and develop new methodologies for demand forecasting and price modeling.\u003C/li\u003E\u003Cli\u003E Improve upon existing methodologies by adding new data sources and implementing model enhancements.\u003C/li\u003E\u003Cli\u003E Drive scalable solutions.\u003C/li\u003E\u003Cli\u003E Create and track accuracy and performance metrics (both technical and business metrics).\u003C/li\u003E\u003Cli\u003E Create, enhance, and maintain technical documentation, and present to other scientists, engineers and business leaders.\u003C/li\u003E\u003Cli\u003E Drive best practices on the team; mentor and guide junior members to achieve their career growth potential.\u003Cbr\u003E\u003Cbr\u003E\u003C/li\u003E\u003C/ul\u003E\u003Cstrong\u003E\u003Cu\u003EBasic Qualifications\u003Cbr\u003E\u003C/u\u003E\u003C/strong\u003E\u003Cul\u003E\u003Cli\u003E PhD or equivalent Master's Degree plus 4+ years of experience in a quantitative field.\u003C/li\u003E\u003Cli\u003E Strong analytical skills.\u003C/li\u003E\u003Cli\u003E 2+ years of experience of building predictive models for business and proficiency in model development and model validation.\u003C/li\u003E\u003Cli\u003E Experience in efficiently handling large data sets, e.g., by using SQL, and databases in a business environment.\u003C/li\u003E\u003Cli\u003E Experience with R, Python, Matlab or other scripting languages.\u003Cbr\u003E\u003C/li\u003E\u003C/ul\u003E\u003Cstrong\u003E\u003Cu\u003EPreferred Qualifications\u003Cbr\u003E\u003C/u\u003E\u003C/strong\u003E\u003Cul\u003E\u003Cli\u003E Experience with time series modeling and machine learning forecasting.\u003C/li\u003E\u003Cli\u003E Experience with price modeling.\u003Cbr\u003E\u003Cbr\u003E\u003C/li\u003E\u003C/ul\u003E\u003Cstrong\u003ECompany\u003C/strong\u003E - Amazon.com Services LLC\u003Cbr\u003EJob ID: A1150842"",""employmentType"":""FULL_TIME"",""experienceRequirements"":""Not Applicable"",""hiringOrganization"":{""@type"":""Organization"",""name"":""Amazon"",""sameAs"":""https://www.linkedin.com/company/amazon"",""logo"":""https://media-exp1.licdn.com/dms/image/C560BAQHTvZwCx4p2Qg/company-logo_200_200/0/1612205615891?e=1623888000&v=beta&t=ONuILZrxsg59IlYfXLSRpQZOzxBFl5zOjcjrLr7aqgc""},""identifier"":{""@type"":""PropertyValue"",""name"":""Amazon"",""value"":""1150842""},""image"":""https://media-exp1.licdn.com/dms/image/C560BAQHTvZwCx4p2Qg/company-logo_100_100/0/1612205615891?e=1623888000&v=beta&t=ROjO0agMkoom8nzBag5wrXdmWq1VeiNlYFaQTb6B3jI"",""industry"":""Computer Software,Information Technology and Services,Internet"",""jobLocation"":{""@type"":""Place"",""address"":{""@type"":""PostalAddress"",""streetAddress"":null,""addressLocality"":""Seattle"",""addressRegion"":""WA"",""postalCode"":""98164"",""addressCountry"":""US""}},""skills"":"""",""title"":""Data Scientist"",""validThrough"":""2021-04-16T15:23:58.000Z"",""estimatedSalary"":{""@type"":""MonetaryAmount"",""currency"":""USD"",""value"":{""@type"":""QuantitativeValue"",""minValue"":110000,""maxValue"":150000,""unitText"":""YEAR""}}}",Amazon,"DescriptionThe Amazon Devices-Demand Planning team is seeking an outstanding scientist with strong analytical and communication skills to help with demand forecasting and supply optimization for the entire Amazon device family of products and accessories. We develop scalable and robust state-of-the-art solutions that involve learning from different data sources. This role is central to the continued growth of Amazon Device division as we have grown from the first Kindle E-Reader to a vast portfolio of Echo, Fire TV, Fire Tablet, E-Reader, Ring and many other devices. With better forecasts we drive down supply chain costs, enabling the offer of lower prices and better in-stock selection for our customers.In this role, you will have an opportunity to both develop advanced scientific solutions and drive critical customer and business impacts. You will play a key role to drive end-to-end solutions from understanding our business requirements, exploring a large amount of historical data, building prototypes and exploring conceptually new solutions, to working with partner teams for prod deployment. You will collaborate closely with engineering peers as well as business stakeholders. You will be at the heart of a growing and exciting focus area for Amazon Devices.You are an individual with outstanding analytical abilities, excellent communication skills, and are comfortable working with cross-functional teams and systems. You will be responsible for researching, prototyping, experimenting, and analyzing predictive models.Key Responsibilities Research and develop new methodologies for demand forecasting and price modeling. Improve upon existing methodologies by adding new data sources and implementing model enhancements. Drive scalable solutions. Create and track accuracy and performance metrics (both technical and business metrics). Create, enhance, and maintain technical documentation, and present to other scientists, engineers and business leaders. Drive best practices on the team; mentor and guide junior members to achieve their career growth potential.Basic Qualifications PhD or equivalent Master's Degree plus 4+ years of experience in a quantitative field. Strong analytical skills. 2+ years of experience of building predictive models for business and proficiency in model development and model validation. Experience in efficiently handling large data sets, e.g., by using SQL, and databases in a business environment. Experience with R, Python, Matlab or other scripting languages.Preferred Qualifications Experience with time series modeling and machine learning forecasting. Experience with price modeling.Company - Amazon.com Services LLCJob ID: A1150842Show moreShow less",Not Applicable,Full-time,Engineering,"Computer Software, Information Technology and Services, Internet"
,Senior Data Scientist,"Austin, TX","{""@context"":""http://schema.org"",""@type"":""JobPosting"",""datePosted"":""2021-03-18T00:09:18.000Z"",""description"":""\u003Cbr\u003EGitHub helps companies, organizations, and groups of individuals succeed by allowing them to build better software, together. The engineering organization is looking for a Senior Data Scientist to join the Data Science group and closely partner with our Product organization to unlock insight and optimize our product’s surface area. \u003Cbr\u003E \u003Cbr\u003EYou will work on building and maintaining data products and tools and executing on analyses that will help inform our broader company strategy and individual product area needs. You’ll get to work with large, complex data sets and solve difficult, non-routine problems, applying advanced methods as needed. \u003Cbr\u003E \u003Cbr\u003EThis is an individual contributor position with significant growth potential.\u003Cbr\u003E \u003Cbr\u003E\u003Cstrong\u003EResponsibilities\u003Cbr\u003E\u003C/strong\u003E \u003Cul\u003E\u003Cli\u003EEngage with Product and other embedded Data Scientists across the landscape that Data Science supports\u003C/li\u003E\u003Cli\u003EBuild reusable, scalable, and maintainable technical solutions that can be deployed to production \u003C/li\u003E\u003Cli\u003EIncrease automation, evaluation and stability of the operational footprint for existing machine learning models in production\u003C/li\u003E\u003Cli\u003EDevelop and automate reports, iteratively build and prototype dashboards to provide insights into your work’s impact at scale \u003C/li\u003E\u003Cbr\u003E\u003Cbr\u003E\u003C/ul\u003E \u003Cbr\u003E\u003Cstrong\u003EMinimum Qualifications\u003Cbr\u003E\u003C/strong\u003E \u003Cul\u003E\u003Cli\u003E3+ years prior relevant experience.\u003C/li\u003E\u003Cli\u003EStrong software engineering fundamentals.\u003C/li\u003E\u003Cli\u003EExperience deploying and maintaining machine learning models in a cloud environment (Azure, AWS, etc)\u003C/li\u003E\u003Cli\u003EExperience articulating business questions and using mathematical techniques and statistical analysis to arrive at an answer using available data.\u003C/li\u003E\u003Cli\u003EDemonstrated leadership, self-direction and aptitude for collaboration \u003C/li\u003E\u003Cli\u003EDemonstrated effective written and verbal communication skills.\u003C/li\u003E\u003Cli\u003ECapable of writing data pipelines / ETL and basic tool dev.\u003C/li\u003E\u003Cli\u003EMastery of SQL.\u003C/li\u003E\u003Cli\u003EFluency in Python (or equivalent)\u003C/li\u003E\u003Cbr\u003E\u003Cbr\u003E\u003C/ul\u003E \u003Cbr\u003E\u003Cstrong\u003EWho We Are:\u003Cbr\u003E\u003C/strong\u003E \u003Cbr\u003EGitHub is the developer company. We make it easier for developers to be developers: to work together, to solve challenging problems, and to create the world’s most important technologies. We foster a collaborative community that can come together—as individuals and in teams—to create the future of software and make a difference in the world.\u003Cbr\u003E \u003Cbr\u003E\u003Cstrong\u003ELeadership Principles:\u003Cbr\u003E\u003C/strong\u003E \u003Cbr\u003ECustomer Obsessed - Trust by Default - Ship to Learn - Own the Outcome - Growth Mindset - Global Product, Global Team - Anything is Possible - Practice Kindness\u003Cbr\u003E \u003Cbr\u003E\u003Cstrong\u003EWhy You Should Join:\u003Cbr\u003E\u003C/strong\u003E \u003Cbr\u003EAt GitHub, we constantly strive to create an environment that allows our employees (Hubbers) to do the best work of their lives. We've designed one of the coolest workspaces in San Francisco (HQ), where many Hubbers work, snack, and create daily. The rest of our Hubbers work remotely around the globe. Check out an updated list of where we can hire here: https://github.com/about/careers/remote\u003Cbr\u003E \u003Cbr\u003EWe are also committed to keeping Hubbers healthy, motivated, focused and creative. We've designed our top-notch benefits program with these goals in mind. In a nutshell, we've built a place where we truly love working, we think you will too.\u003Cbr\u003E \u003Cbr\u003EGitHub is made up of people from a wide variety of backgrounds and lifestyles. We embrace diversity and invite applications from people of all walks of life. We don't discriminate against employees or applicants based on gender identity or expression, sexual orientation, race, religion, age, national origin, citizenship, disability, pregnancy status, veteran status, or any other differences. Also, if you have a disability, please let us know if there's any way we can make the interview process better for you; we're happy to accommodate!\u003Cbr\u003E \u003Cbr\u003EPlease note that benefits vary by country. If you have any questions, please don't hesitate to ask your Talent Partner.\u003Cbr\u003E"",""employmentType"":""FULL_TIME"",""experienceRequirements"":""Mid-Senior level"",""hiringOrganization"":{""@type"":""Organization"",""name"":""GitHub"",""sameAs"":""https://www.linkedin.com/company/github"",""logo"":""https://media-exp1.licdn.com/dms/image/C560BAQGO4Mxhy8KAgQ/company-logo_200_200/0/1564764741123?e=1623888000&v=beta&t=zlAf_ql2okZMU86obh40Yfoh6xGjrTcSoCmdMB3rFYI""},""identifier"":{""@type"":""PropertyValue"",""name"":""GitHub"",""value"":""2991602""},""image"":""https://media-exp1.licdn.com/dms/image/C560BAQGO4Mxhy8KAgQ/company-logo_100_100/0/1564764741123?e=1623888000&v=beta&t=EP5dbe6LoO5RW-yDSBhu_sGZ0Rwl_Vs4aM6mGvVUd0I"",""industry"":""Computer Software"",""jobLocation"":{""@type"":""Place"",""address"":{""@type"":""PostalAddress"",""streetAddress"":null,""addressLocality"":""Austin"",""addressRegion"":""TX"",""postalCode"":""78746"",""addressCountry"":""US""}},""skills"":"""",""title"":""Senior Data Scientist"",""validThrough"":""2021-04-17T00:09:18.000Z""}",GitHub,"GitHub helps companies, organizations, and groups of individuals succeed by allowing them to build better software, together. The engineering organization is looking for a Senior Data Scientist to join the Data Science group and closely partner with our Product organization to unlock insight and optimize our product’s surface area.  You will work on building and maintaining data products and tools and executing on analyses that will help inform our broader company strategy and individual product area needs. You’ll get to work with large, complex data sets and solve difficult, non-routine problems, applying advanced methods as needed.  This is an individual contributor position with significant growth potential. Responsibilities Engage with Product and other embedded Data Scientists across the landscape that Data Science supportsBuild reusable, scalable, and maintainable technical solutions that can be deployed to production Increase automation, evaluation and stability of the operational footprint for existing machine learning models in productionDevelop and automate reports, iteratively build and prototype dashboards to provide insights into your work’s impact at scale  Minimum Qualifications 3+ years prior relevant experience.Strong software engineering fundamentals.Experience deploying and maintaining machine learning models in a cloud environment (Azure, AWS, etc)Experience articulating business questions and using mathematical techniques and statistical analysis to arrive at an answer using available data.Demonstrated leadership, self-direction and aptitude for collaboration Demonstrated effective written and verbal communication skills.Capable of writing data pipelines / ETL and basic tool dev.Mastery of SQL.Fluency in Python (or equivalent) Who We Are: GitHub is the developer company. We make it easier for developers to be developers: to work together, to solve challenging problems, and to create the world’s most important technologies. We foster a collaborative community that can come together—as individuals and in teams—to create the future of software and make a difference in the world. Leadership Principles: Customer Obsessed - Trust by Default - Ship to Learn - Own the Outcome - Growth Mindset - Global Product, Global Team - Anything is Possible - Practice Kindness Why You Should Join: At GitHub, we constantly strive to create an environment that allows our employees (Hubbers) to do the best work of their lives. We've designed one of the coolest workspaces in San Francisco (HQ), where many Hubbers work, snack, and create daily. The rest of our Hubbers work remotely around the globe. Check out an updated list of where we can hire here: https://github.com/about/careers/remote We are also committed to keeping Hubbers healthy, motivated, focused and creative. We've designed our top-notch benefits program with these goals in mind. In a nutshell, we've built a place where we truly love working, we think you will too. GitHub is made up of people from a wide variety of backgrounds and lifestyles. We embrace diversity and invite applications from people of all walks of life. We don't discriminate against employees or applicants based on gender identity or expression, sexual orientation, race, religion, age, national origin, citizenship, disability, pregnancy status, veteran status, or any other differences. Also, if you have a disability, please let us know if there's any way we can make the interview process better for you; we're happy to accommodate! Please note that benefits vary by country. If you have any questions, please don't hesitate to ask your Talent Partner.Show moreShow less",Mid-Senior level,Full-time,Other,Computer Software
,Data Scientist,"Fremont, CA","{""@context"":""http://schema.org"",""@type"":""JobPosting"",""datePosted"":""2021-03-17T06:24:32.000Z"",""description"":""Facebook's mission is to give people the power to build community and bring the world closer together. Through our family of apps and services, we're building a different kind of company that connects billions of people around the world, gives them ways to share what matters most to them, and helps bring people closer together. Whether we're creating new products or helping a small business expand its reach, people at Facebook are builders at heart. Our global teams are constantly iterating, solving problems, and working together to empower people around the world to build community and connect in meaningful ways. Together, we can help people build stronger communities - we're just getting started.\u003Cbr\u003E\u003Cbr\u003EIn this role, your primary responsibility will be to partner with key stakeholders and lead the development of an analytics program to support and enable the continued growth critical to Facebook's Data Center organization. As we plan to grow our Data Center organization, we need to leverage data to drive decisions and introduce automation, predictability &amp; optimization to allow us to operate efficiently and reliably at scale. You will be responsible for creating end to end analytics programs, from data sourcing to surfacing insights and driving action, for various aspects of Facebook's global data center operations. You will also help translate data and identify efficiency opportunities. You will be expected to use data to provide meaningful recommendations and actionable strategies to key stakeholders, and develop best practices, including streamlining of data sources and related programmatic initiatives. The ideal candidate will have a passion for working in white space and creating impact from the ground up in a fast-paced environment. Additionally, you will have a proven track record of thought leadership and impact in developing similar analytics and metrics-based programs.\u003Cbr\u003E\u003Cbr\u003E\u003Cstrong\u003E\u003Cu\u003EResponsibilities\u003Cbr\u003E\u003C/u\u003E\u003C/strong\u003E\u003Cul\u003E\u003Cli\u003ELeverage data and business principles to create and drive large scale FB Data Center programs.\u003C/li\u003E\u003Cli\u003EDefine and develop the program for metrics creation, data collection, modeling, and reporting the operational performance of Facebook’s data centers.\u003C/li\u003E\u003Cli\u003ECollaborate with cross-functional data and product teams across business applications to define problem statements, access and manipulate data, build analytical models, explain data-gathering requirements, deliver analytics insights, and make recommendations.\u003C/li\u003E\u003Cli\u003EDefine, compute, track, and continuously validate business metrics with descriptive and predictive analytics.\u003C/li\u003E\u003Cli\u003EIdentify and implement streamlined processes for data reporting and communication, and use analytical models to identify insights to drive key decisions across leadership and the organization.\u003C/li\u003E\u003Cli\u003EProvide mentorship to other members of the team on best practices for design and implementation of cutting-edge analytics insights.\u003C/li\u003E\u003Cli\u003ELead and support various ad hoc projects, as needed, in support of Facebook’s Data Center strategy.\u003C/li\u003E\u003Cli\u003ELeverage tools like R, Tableau, Python, and SQL to drive efficient analytics.\u003Cbr\u003E\u003C/li\u003E\u003C/ul\u003E\u003Cstrong\u003EMinimum Qualification\u003Cbr\u003E\u003C/strong\u003E\u003Cul\u003E\u003Cli\u003EDegree in an analytical field (e.g. Computer Science, Engineering, Mathematics, Statistics, Operations Research, Management Science)\u003C/li\u003E\u003Cli\u003E3+ years of experience in a role with data analysis and metrics development\u003C/li\u003E\u003Cli\u003E3+ years of hands-on experience analyzing and interpreting data, drawing conclusions, defining recommended actions, and reporting results across stakeholders\u003C/li\u003E\u003Cli\u003E3+ years of SQL development experience writing queries\u003C/li\u003E\u003Cli\u003E3+ years of hands-on project management experience\u003C/li\u003E\u003Cli\u003E3+ years of experience with data visualization tools\u003C/li\u003E\u003Cli\u003E3+ years of experience with packages such as R, Tableau, SPSS, SAS, STATA, etc.\u003C/li\u003E\u003Cli\u003E2+ years of experience with scripting in Python or PHP\u003C/li\u003E\u003Cli\u003EExperience leveraging data driven models to drive business decisions\u003C/li\u003E\u003Cli\u003EExperience using data access tools and building visualizations using large datasets and multiple data sources\u003C/li\u003E\u003Cli\u003EExperience thinking analytically\u003C/li\u003E\u003Cli\u003EExperience communicating data to all organizational levels\u003C/li\u003E\u003Cli\u003EExperienced with packages such as NumPy, SciPy, pandas, scikit-learn, dplyr, ggplot2\u003C/li\u003E\u003Cli\u003EKnowledge of statistics and optimization techniques\u003C/li\u003E\u003Cli\u003EHands-on experience with medium to large datasets (i.e. data extraction, cleaning, analysis and presentation)\u003Cbr\u003E\u003Cbr\u003E\u003C/li\u003E\u003C/ul\u003E\u003Cstrong\u003E\u003Cu\u003EPreferred Qualification\u003Cbr\u003E\u003C/u\u003E\u003C/strong\u003E\u003Cul\u003E\u003Cli\u003ETechnical knowledge of data center operations\u003Cbr\u003E\u003C/li\u003E\u003C/ul\u003EFacebook is proud to be an Equal Opportunity and Affirmative Action employer. We do not discriminate based upon race, religion, color, national origin, sex (including pregnancy, childbirth, or related medical conditions), sexual orientation, gender, gender identity, gender expression, transgender status, sexual stereotypes, age, status as a protected veteran, status as an individual with a disability, or other applicable legally protected characteristics. We also consider qualified applicants with criminal histories, consistent with applicable federal, state and local law. Facebook is committed to providing reasonable accommodations for candidates with disabilities in our recruiting process. If you need any assistance or accommodations due to a disability, please let us know at accommodations-ext@fb.com."",""employmentType"":""FULL_TIME"",""experienceRequirements"":""Not Applicable"",""hiringOrganization"":{""@type"":""Organization"",""name"":""Facebook"",""sameAs"":""https://www.linkedin.com/company/facebook"",""logo"":""https://media-exp1.licdn.com/dms/image/C560BAQFx332BDosXcg/company-logo_200_200/0/1600185685242?e=1623888000&v=beta&t=W2OXT-LKVkDa7V3VJZ3_UOMAhljTFQVRBkHrfcvszeI""},""identifier"":{""@type"":""PropertyValue"",""name"":""Facebook"",""value"":""f7acbc5fba31310f9b9b18cf67f7c9c3""},""image"":""https://media-exp1.licdn.com/dms/image/C560BAQFx332BDosXcg/company-logo_100_100/0/1600185685242?e=1623888000&v=beta&t=wv8Vm1aihMgq5NOPCNJOqLrnqQN4DCXMCUKjGrQvWMI"",""industry"":""Internet"",""jobLocation"":{""@type"":""Place"",""address"":{""@type"":""PostalAddress"",""streetAddress"":null,""addressLocality"":""Fremont"",""addressRegion"":""CA"",""postalCode"":""94537"",""addressCountry"":""US""}},""skills"":"""",""title"":""Data Scientist"",""validThrough"":""2021-04-16T06:24:31.000Z"",""estimatedSalary"":{""@type"":""MonetaryAmount"",""currency"":""USD"",""value"":{""@type"":""QuantitativeValue"",""minValue"":115000,""maxValue"":190000,""unitText"":""YEAR""}}}",Facebook,"Facebook's mission is to give people the power to build community and bring the world closer together. Through our family of apps and services, we're building a different kind of company that connects billions of people around the world, gives them ways to share what matters most to them, and helps bring people closer together. Whether we're creating new products or helping a small business expand its reach, people at Facebook are builders at heart. Our global teams are constantly iterating, solving problems, and working together to empower people around the world to build community and connect in meaningful ways. Together, we can help people build stronger communities - we're just getting started.In this role, your primary responsibility will be to partner with key stakeholders and lead the development of an analytics program to support and enable the continued growth critical to Facebook's Data Center organization. As we plan to grow our Data Center organization, we need to leverage data to drive decisions and introduce automation, predictability & optimization to allow us to operate efficiently and reliably at scale. You will be responsible for creating end to end analytics programs, from data sourcing to surfacing insights and driving action, for various aspects of Facebook's global data center operations. You will also help translate data and identify efficiency opportunities. You will be expected to use data to provide meaningful recommendations and actionable strategies to key stakeholders, and develop best practices, including streamlining of data sources and related programmatic initiatives. The ideal candidate will have a passion for working in white space and creating impact from the ground up in a fast-paced environment. Additionally, you will have a proven track record of thought leadership and impact in developing similar analytics and metrics-based programs.ResponsibilitiesLeverage data and business principles to create and drive large scale FB Data Center programs.Define and develop the program for metrics creation, data collection, modeling, and reporting the operational performance of Facebook’s data centers.Collaborate with cross-functional data and product teams across business applications to define problem statements, access and manipulate data, build analytical models, explain data-gathering requirements, deliver analytics insights, and make recommendations.Define, compute, track, and continuously validate business metrics with descriptive and predictive analytics.Identify and implement streamlined processes for data reporting and communication, and use analytical models to identify insights to drive key decisions across leadership and the organization.Provide mentorship to other members of the team on best practices for design and implementation of cutting-edge analytics insights.Lead and support various ad hoc projects, as needed, in support of Facebook’s Data Center strategy.Leverage tools like R, Tableau, Python, and SQL to drive efficient analytics.Minimum QualificationDegree in an analytical field (e.g. Computer Science, Engineering, Mathematics, Statistics, Operations Research, Management Science)3+ years of experience in a role with data analysis and metrics development3+ years of hands-on experience analyzing and interpreting data, drawing conclusions, defining recommended actions, and reporting results across stakeholders3+ years of SQL development experience writing queries3+ years of hands-on project management experience3+ years of experience with data visualization tools3+ years of experience with packages such as R, Tableau, SPSS, SAS, STATA, etc.2+ years of experience with scripting in Python or PHPExperience leveraging data driven models to drive business decisionsExperience using data access tools and building visualizations using large datasets and multiple data sourcesExperience thinking analyticallyExperience communicating data to all organizational levelsExperienced with packages such as NumPy, SciPy, pandas, scikit-learn, dplyr, ggplot2Knowledge of statistics and optimization techniquesHands-on experience with medium to large datasets (i.e. data extraction, cleaning, analysis and presentation)Preferred QualificationTechnical knowledge of data center operationsFacebook is proud to be an Equal Opportunity and Affirmative Action employer. We do not discriminate based upon race, religion, color, national origin, sex (including pregnancy, childbirth, or related medical conditions), sexual orientation, gender, gender identity, gender expression, transgender status, sexual stereotypes, age, status as a protected veteran, status as an individual with a disability, or other applicable legally protected characteristics. We also consider qualified applicants with criminal histories, consistent with applicable federal, state and local law. Facebook is committed to providing reasonable accommodations for candidates with disabilities in our recruiting process. If you need any assistance or accommodations due to a disability, please let us know at accommodations-ext@fb.com.Show moreShow less",Not Applicable,Full-time,Engineering,Internet
https://www.linkedin.com/jobs/view/data-scientist-at-amazon-2454065128,,,,,,,,,
https://www.linkedin.com/jobs/view/senior-data-scientist-at-github-2444405124,,,,,,,,,
https://www.linkedin.com/jobs/view/data-scientist-at-facebook-2443202248,,,,,,,,,
https://www.linkedin.com/jobs/view/machine-learning-engineer-apple-pay-at-apple-2454522010,,,,,,,,,
https://www.linkedin.com/jobs/view/data-scientist-at-stem-it-2443264882,,,,,,,,,
https://www.linkedin.com/jobs/view/data-scientist-commodityfx-analytics-at-mckinsey-company-2384553718,,,,,,,,,
https://www.linkedin.com/jobs/view/data-scientist-insurance-at-tesla-2454545848,,,,,,,,,
https://www.linkedin.com/jobs/view/associate-data-scientist-at-pfizer-2454543895,,,,,,,,,
https://www.linkedin.com/jobs/view/usa-data-scientist-at-walmart-2452578406,,,,,,,,,
https://www.linkedin.com/jobs/view/data-engineer-analyst-python-sql-at-arch-talents-llc-2466117934,,,,,,,,,
https://www.linkedin.com/jobs/view/data-applied-scientist-at-microsoft-2455910234,,,,,,,,,
https://www.linkedin.com/jobs/view/junior-data-scientist-at-lull-2466192280,,,,,,,,,
https://www.linkedin.com/jobs/view/data-scientist-at-iso-2443266628,,,,,,,,,
https://www.linkedin.com/jobs/view/data-scientist-at-datalab-usa-2466279360,,,,,,,,,
https://www.linkedin.com/jobs/view/data-scientist-at-cvs-health-2465659985,,,,,,,,,
https://www.linkedin.com/jobs/view/data-scientist-at-pricesenz-2454046627,,,,,,,,,
https://www.linkedin.com/jobs/view/data-scientist-at-consumers-energy-2466138894,,,,,,,,,
https://www.linkedin.com/jobs/view/data-scientist-i-at-amazon-web-services-aws-2451181997,,,,,,,,,
https://www.linkedin.com/jobs/view/senior-data-scientist-at-flipkart-2443216526,,,,,,,,,
https://www.linkedin.com/jobs/view/data-analyst-scientist-at-matrix-precise-2466188635,,,,,,,,,
https://www.linkedin.com/jobs/view/data-scientist-at-paypal-2454555499,,,,,,,,,
https://www.linkedin.com/jobs/view/data-scientist-at-boomtown-real-estate-platform-2454026271,,,,,,,,,
https://www.linkedin.com/jobs/view/junior-data-scientist-at-aon-2451177428,,,,,,,,,
https://www.linkedin.com/jobs/view/senior-data-scientist-at-bamf-health-2454595975,,,,,,,,,
https://www.linkedin.com/jobs/view/data-scientist-proactive-at-apple-2466123507,,,,,,,,,
https://www.linkedin.com/jobs/view/data-scientist-at-amazon-2454064183,,,,,,,,,
https://www.linkedin.com/jobs/view/data-scientist-ii-at-microsoft-2454541724,,,,,,,,,
https://www.linkedin.com/jobs/view/data-scientist-at-iso-2465527025,,,,,,,,,
https://www.linkedin.com/jobs/view/data-scientist-at-cvs-health-2466159688,,,,,,,,,
https://www.linkedin.com/jobs/view/data-scientist-at-ford-motor-company-2466051523,,,,,,,,,
https://www.linkedin.com/jobs/view/data-scientist-at-tegria-2463978303,,,,,,,,,
https://www.linkedin.com/jobs/view/data-scientist-san-mateo-at-photomath-2466018932,,,,,,,,,
https://www.linkedin.com/jobs/view/data-scientist-at-ford-motor-company-2466048788,,,,,,,,,
https://www.linkedin.com/jobs/view/data-scientist-at-amazon-2454071390,,,,,,,,,
https://www.linkedin.com/jobs/view/data-scientist-at-southwest-airlines-2454528813,,,,,,,,,
https://www.linkedin.com/jobs/view/data-scientist-ml-r-d-at-lockerdome-2463206768,,,,,,,,,
https://www.linkedin.com/jobs/view/data-scientist-at-everlane-2452500528,,,,,,,,,
https://www.linkedin.com/jobs/view/staff-data-scientist-nlp-at-walmart-2417263448,,,,,,,,,
https://www.linkedin.com/jobs/view/data-scientist-at-nike-2445572005,,,,,,,,,
https://www.linkedin.com/jobs/view/associate-data-scientist-decision-analytics-at-the-home-depot-2444425318,,,,,,,,,
https://www.linkedin.com/jobs/view/data-scientist-at-nielseniq-2448734325,,,,,,,,,
https://www.linkedin.com/jobs/view/data-scientist-research-economics-at-uber-2410090867,,,,,,,,,
https://www.linkedin.com/jobs/view/data-scientist-medical-diagnostics-at-specific-diagnostics-2454529483,,,,,,,,,
https://www.linkedin.com/jobs/view/data-scientist-at-amazon-2454050436,,,,,,,,,
https://www.linkedin.com/jobs/view/data-scientist-at-apple-2446348658,,,,,,,,,
https://www.linkedin.com/jobs/view/data-science-full-time-opportunity-at-wayfair-2424399728,,,,,,,,,
https://www.linkedin.com/jobs/view/data-applied-scientist-at-microsoft-2454043895,,,,,,,,,
https://www.linkedin.com/jobs/view/data-scientist-engineering-at-google-2374908327,,,,,,,,,
https://www.linkedin.com/jobs/view/data-scientist-at-career-search-partners-2452512929,,,,,,,,,
https://www.linkedin.com/jobs/view/scientist-data-science-at-johnson-johnson-2454026282,,,,,,,,,
https://www.linkedin.com/jobs/view/junior-data-scientist-at-jobot-2454534076,,,,,,,,,
https://www.linkedin.com/jobs/view/data-applied-scientist-at-microsoft-2454541794,,,,,,,,,
https://www.linkedin.com/jobs/view/data-scientist-at-ford-motor-company-2454544353,,,,,,,,,
https://www.linkedin.com/jobs/view/data-scientist-at-cognizant-2443266662,,,,,,,,,
https://www.linkedin.com/jobs/view/data-scientist-autonomous-driving-at-didi-2454019770,,,,,,,,,
https://www.linkedin.com/jobs/view/data-scientist-at-amazon-2431573037,,,,,,,,,
https://www.linkedin.com/jobs/view/senior-data-scientist-sparkpredict-at-sparkcognition-2466202479,,,,,,,,,
https://www.linkedin.com/jobs/view/data-engineer-at-planoly-2410489613,,,,,,,,,
https://www.linkedin.com/jobs/view/data-engineer-at-pdi-software-2361908020,,,,,,,,,
https://www.linkedin.com/jobs/view/data-scientist-clinical-informatics-boston-ma-or-south-san-francisco-ca-at-verily-life-sciences-2447951984,,,,,,,,,
https://www.linkedin.com/jobs/view/data-scientist-active-ts-clearance-required-at-big-sky-editorial-2277811943,,,,,,,,,
https://www.linkedin.com/jobs/view/data-scientist-machine-learning-engineer-at-pymetrics-2446872485,,,,,,,,,
https://www.linkedin.com/jobs/view/lead-data-engineer-at-wiser-solutions-inc-2411542495,,,,,,,,,
https://www.linkedin.com/jobs/view/lead-data-scientist-at-aspen-capital-2419120029,,,,,,,,,
https://www.linkedin.com/jobs/view/senior-data-engineer-at-lasso-2450523047,,,,,,,,,
https://www.linkedin.com/jobs/view/data-scientist-machine-learning-engineer-at-atlas-research-2345632397,,,,,,,,,
https://www.linkedin.com/jobs/view/data-engineer-at-jerry-ai-2441988166,,,,,,,,,
https://www.linkedin.com/jobs/view/data-scientist-nlp-and-computer-vision-at-biofourmis-2368693139,,,,,,,,,
https://www.linkedin.com/jobs/view/data-engineer-at-consumertrack-inc-2399318998,,,,,,,,,
https://www.linkedin.com/jobs/view/data-scientist-population-health-boston-ma-or-south-san-francisco-ca-at-verily-life-sciences-2418234525,,,,,,,,,
https://www.linkedin.com/jobs/view/research-scientist-genetic-engineering-and-single-cell-sequencing-for-the-cellular-atlas-of-the-vertebrate-development-at-chan-zuckerberg-biohub-2349832999,,,,,,,,,
https://www.linkedin.com/jobs/view/senior-ai-ml-research-scientist-at-perceptronics-solutions-inc-2390131220,,,,,,,,,
https://www.linkedin.com/jobs/view/senior-data-scientist-at-github-2444402279,,,,,,,,,
https://www.linkedin.com/jobs/view/research-scientist-medicinal-chemistry-at-daley-and-associates-llc-2370166145,,,,,,,,,
https://www.linkedin.com/jobs/view/data-engineer-at-fearless-2447520466,,,,,,,,,
https://www.linkedin.com/jobs/view/senior-data-engineer-at-treehouse-technology-group-2432475710,,,,,,,,,
https://www.linkedin.com/jobs/view/data-engineer-at-aspen-capital-2408151717,,,,,,,,,
https://www.linkedin.com/jobs/view/senior-machine-learning-engineer-jr1022587-at-broadridge-2451199369,,,,,,,,,
https://www.linkedin.com/jobs/view/data-scientist-raynham-usa-at-corin-group-2437884532,,,,,,,,,
https://www.linkedin.com/jobs/view/clinical-research-scientist-clinical-science-r-d-south-san-francisco-ca-at-verily-life-sciences-2418266750,,,,,,,,,
https://www.linkedin.com/jobs/view/data-scientist-signal-processing-south-san-francisco-ca-at-verily-life-sciences-2418230819,,,,,,,,,
https://www.linkedin.com/jobs/view/cleared-data-scientist-at-leading-path-consulting-2225819171,,,,,,,,,
https://www.linkedin.com/jobs/view/data-engineer-at-saggezza-2438750193,,,,,,,,,
https://www.linkedin.com/jobs/view/senior-research-scientist-research-scientist-%E2%80%93-proteomics-metabolomics-at-advanced-regenerative-manufacturing-institute-armi-biofabusa-2357462575,,,,,,,,,
https://www.linkedin.com/jobs/view/data-engineer-at-consumertrack-inc-2399321626,,,,,,,,,
https://www.linkedin.com/jobs/view/data-scientist-at-kellymitchell-group-inc-2379132895,,,,,,,,,
https://www.linkedin.com/jobs/view/staff-data-scientist-at-credit-karma-2378169373,,,,,,,,,
https://www.linkedin.com/jobs/view/senior-data-engineer-at-saatva-2435145410,,,,,,,,,
https://www.linkedin.com/jobs/view/data-engineer-cloud-data-developer-at-aqueduct-technologies-inc-2395562523,,,,,,,,,
https://www.linkedin.com/jobs/view/senior-data-scientist-at-walrus-health-2385716516,,,,,,,,,
https://www.linkedin.com/jobs/view/senior-staff-data-scientist-dvx-ventures-at-dvx-ventures-2362407077,,,,,,,,,
https://www.linkedin.com/jobs/view/cyber-battle-lab-network-data-engineer-blcse-at-ids-international-2382868243,,,,,,,,,
https://www.linkedin.com/jobs/view/associate-data-scientist-at-optimus-consulting-group-llc-2250215266,,,,,,,,,
https://www.linkedin.com/jobs/view/research-scientist-at-leidos-2428480288,,,,,,,,,
https://www.linkedin.com/jobs/view/2021-intern-product-data-science-at-waymo-2444837859,,,,,,,,,
https://www.linkedin.com/jobs/view/data-science-co-op-at-buoy-health-2422419632,,,,,,,,,
https://www.linkedin.com/jobs/view/usa-senior-data-scientist-international-ecommerce-search-at-walmart-2436760649,,,,,,,,,
https://www.linkedin.com/jobs/view/senior-data-science-analyst-international-at-mayo-clinic-2447992497,,,,,,,,,
https://www.linkedin.com/jobs/view/beyonders-2021-summer-program-data-science-at-beyond-limits-2339673721,,,,,,,,,
https://www.linkedin.com/jobs/view/data-science-and-analytics-co-op-summer-fall-2021-at-collins-aerospace-2398280866,,,,,,,,,
https://www.linkedin.com/jobs/view/data-science-discovery-personalization-and-recommendation-intern-at-ancestry-2429276768,,,,,,,,,
https://www.linkedin.com/jobs/view/data-engineer-junior-level-at-community-tax-llc-2465057038,,,,,,,,,
https://www.linkedin.com/jobs/view/data-science-analytics-%E2%80%93-program-management-internship-at-northwestern-mutual-2419026634,,,,,,,,,
https://www.linkedin.com/jobs/view/applied-research-data-science-intern-at-linkedin-2343349591,,,,,,,,,
https://www.linkedin.com/jobs/view/data-analytics-visualization-engineer-remote-at-york-general-health-care-services-2421418106,,,,,,,,,
https://www.linkedin.com/jobs/view/assistant-professor-data-computer-science-at-fontbonne-university-2449605224,,,,,,,,,
https://www.linkedin.com/jobs/view/manufacturing-internet-of-things-iot-data-engineer-at-brunswick-corporation-2463101993,,,,,,,,,
https://www.linkedin.com/jobs/view/moody-s-data-science-development-program-full-time-at-jobs-via-efinancialcareers-2449552039,,,,,,,,,
https://www.linkedin.com/jobs/view/data-engineer-internal-systems-la-at-route-2400215300,,,,,,,,,
https://www.linkedin.com/jobs/view/internship-opportunities-for-students-data-applied-sciences-at-microsoft-2455907950,,,,,,,,,
https://www.linkedin.com/jobs/view/customer-service-data-analytics-co-op-at-siemens-healthineers-2444836794,,,,,,,,,
https://www.linkedin.com/jobs/view/data-software-engineers-data-scientists-python-sql-linux-diverse-candidates-welcome-at-the-bivium-group-2452341631,,,,,,,,,
https://www.linkedin.com/jobs/view/data-science-internship-at-catch-intelligence-2465608395,,,,,,,,,
https://www.linkedin.com/jobs/view/gdia-product-engineering-and-management-data-engineer-at-ford-motor-company-2454540465,,,,,,,,,
https://www.linkedin.com/jobs/view/data-scientist-intern-at-moveworks-2444167600,,,,,,,,,
https://www.linkedin.com/jobs/view/postgraduate-researcher-at-national-energy-technology-laboratory-2427079843,,,,,,,,,
https://www.linkedin.com/jobs/view/data-science-internship-at-20-20-software-2465071231,,,,,,,,,
https://www.linkedin.com/jobs/view/data-scientist-intern-at-linkedin-2185778500,,,,,,,,,
https://www.linkedin.com/jobs/view/data-scientist-intern-at-epsilon-2422491263,,,,,,,,,
https://www.linkedin.com/jobs/view/data-scientist-intern-at-umba-2435157906,,,,,,,,,
https://www.linkedin.com/jobs/view/data-scientist-summer-intern-at-gohealth-2357739852,,,,,,,,,
https://www.linkedin.com/jobs/view/data-scientist-intern-at-bayer-2437178954,,,,,,,,,
https://www.linkedin.com/jobs/view/data-scientist-marketing-summer-internship-remote-at-splunk-2434204884,,,,,,,,,
https://www.linkedin.com/jobs/view/data-scientist-intern-at-extreme-networks-2457388711,,,,,,,,,
https://www.linkedin.com/jobs/view/intern-data-scientist-at-the-climate-corporation-2441669795,,,,,,,,,
https://www.linkedin.com/jobs/view/summer-2021-internship-data-scientist-at-walmart-2444138409,,,,,,,,,
https://www.linkedin.com/jobs/view/energy-ev-infrastructure-data-scientist-internship-fall-2021-at-tesla-2348471144,,,,,,,,,
https://www.linkedin.com/jobs/view/machine-learning-engineer-intern-at-miso-robotics-2454516579,,,,,,,,,
https://www.linkedin.com/jobs/view/data-scientist-%E2%80%93-intern-summer-2021-at-c3-ai-2382473014,,,,,,,,,
https://www.linkedin.com/jobs/view/machine-learning-engineer-intern-revenue-at-tinder-2446353174,,,,,,,,,
https://www.linkedin.com/jobs/view/machine-learning-data-engineer-internship-at-fintech-startup-2459814893,,,,,,,,,
https://www.linkedin.com/jobs/view/data-scientist-machine-learning-engineer-intern-summer-2021-at-clinicomp-intl-2463244420,,,,,,,,,
https://www.linkedin.com/jobs/view/data-scientist-intern-at-vee-2310758199,,,,,,,,,
https://www.linkedin.com/jobs/view/intern-data-engineer-at-american-medical-association-2464335851,,,,,,,,,
https://www.linkedin.com/jobs/view/data-engineering-data-scientist-summer-intern-at-seagate-technology-2454706271,,,,,,,,,
https://www.linkedin.com/jobs/view/data-scientist-intern-operations-analytics-at-enp-network-2452371079,,,,,,,,,
https://www.linkedin.com/jobs/view/2021-autonomous-vehicles-data-scientist-intern-at-ford-motor-company-2454543383,,,,,,,,,
https://www.linkedin.com/jobs/view/data-scientist-intern-at-internet-brands-2268820451,,,,,,,,,
https://www.linkedin.com/jobs/view/quantitative-researcher-internship-at-two-sigma-2383823496,,,,,,,,,
https://www.linkedin.com/jobs/view/mms-internship-program-data-scientist-intern-remote-at-bd-2464053449,,,,,,,,,
https://www.linkedin.com/jobs/view/machine-learning-researcher-intern-at-point72-2383279251,,,,,,,,,
https://www.linkedin.com/jobs/view/intern-data-and-computational-sciences-at-vertex-pharmaceuticals-2431308763,,,,,,,,,
https://www.linkedin.com/jobs/view/applied-research-scientist-intern-%E2%80%94-ai-and-data-science-at-domo-inc-2400239409,,,,,,,,,
https://www.linkedin.com/jobs/view/nlp-data-scientist-internship-at-vee-2304294905,,,,,,,,,
https://www.linkedin.com/jobs/view/information-technology-internship-business-intelligence-etl-and-data-science-at-selectquote-benefits-2420872272,,,,,,,,,
https://www.linkedin.com/jobs/view/data-science-intern-at-omnitracs-2447393187,,,,,,,,,
https://www.linkedin.com/jobs/view/data-science-intern-at-gvec-2464076901,,,,,,,,,
https://www.linkedin.com/jobs/view/2021-summer-undergraduate-intern-nsi-data-science-and-ai-at-novartis-2414412448,,,,,,,,,
https://www.linkedin.com/jobs/view/tmd-r-d-scientist-intern-at-instrumentation-laboratory-a-werfen-company-2396228199,,,,,,,,,
https://www.linkedin.com/jobs/view/intern-data-engineer-at-the-climate-corporation-2426125239,,,,,,,,,
https://www.linkedin.com/jobs/view/data-scientist-intern-dulles-at-verizon-media-platform-2462187189,,,,,,,,,
https://www.linkedin.com/jobs/view/internship-data-engineer-at-intelligent-medical-objects-2436204761,,,,,,,,,
https://www.linkedin.com/jobs/view/python-developer-intern-at-vee-2304298254,,,,,,,,,
https://www.linkedin.com/jobs/view/senior-user-researcher-internal-tools-remote-eligible-americas-at-spotify-2431110507,,,,,,,,,
https://www.linkedin.com/jobs/view/data-scientist-internship-homeowners-insurance-at-plymouth-rock-assurance-2388699748,,,,,,,,,
https://www.linkedin.com/jobs/view/analytical-development-intern-at-novavax-inc-2415675090,,,,,,,,,
https://www.linkedin.com/jobs/view/a-ai-machine-learning-engineer-intern-at-lockheed-martin-2446641996,,,,,,,,,
https://www.linkedin.com/jobs/view/intern-data-engineer-at-teradata-2446382757,,,,,,,,,
https://www.linkedin.com/jobs/view/2021-intern-safety-researcher-at-waymo-2424238319,,,,,,,,,
https://www.linkedin.com/jobs/view/a-ai-machine-learning-engineer-intern-at-lockheed-martin-2446648057,,,,,,,,,
https://www.linkedin.com/jobs/view/temporary-hire-student-at-national-geospatial-intelligence-agency-2464377019,,,,,,,,,
https://www.linkedin.com/jobs/view/data-engineer-intern-at-bayer-2444802997,,,,,,,,,
https://www.linkedin.com/jobs/view/postdoctoral-researcher-nuclear-engineering-at-oak-ridge-institute-for-science-and-education-2432075220,,,,,,,,,
https://www.linkedin.com/jobs/view/ux-researcher-internship-summer-at-bushel-2453652308,,,,,,,,,
https://www.linkedin.com/jobs/view/product-manager-intern-machine-learning-at-glassdoor-2438210256,,,,,,,,,
https://www.linkedin.com/jobs/view/big-data-engineer-intern-detroit-at-rock-central-2422568691,,,,,,,,,
https://www.linkedin.com/jobs/view/search-machine-learning-engineer-intern-at-moveworks-2454542642,,,,,,,,,
https://www.linkedin.com/jobs/view/data-engineer-intern-chicago-at-label-insight-2464196445,,,,,,,,,
https://www.linkedin.com/jobs/view/it-enterprise-applications-machine-learning-engineer-ms-intern-v-at-seagate-technology-2453923744,,,,,,,,,
https://www.linkedin.com/jobs/view/data-scientist-intern-at-joby-aviation-2446362714,,,,,,,,,
https://www.linkedin.com/jobs/view/data-science-engineering-intern-at-ancestry-2437347834,,,,,,,,,
https://www.linkedin.com/jobs/view/data-scientist-at-sigmaways-inc-2455904620,,,,,,,,,
https://www.linkedin.com/jobs/view/data-scientist-at-umbrex-2454597381,,,,,,,,,
https://www.linkedin.com/jobs/view/data-scientist-r-programming-at-clinovo-2452553336,,,,,,,,,
https://www.linkedin.com/jobs/view/data-scientist-at-hello-alice-2437886354,,,,,,,,,
https://www.linkedin.com/jobs/view/data-scientist-bioinformatics-pharmaceuticals-at-spectraforce-technologies-2454533994,,,,,,,,,
https://www.linkedin.com/jobs/view/data-scientist-at-data-science-talent-ltd-2463896941,,,,,,,,,
https://www.linkedin.com/jobs/view/data-scientist-at-amitech-solutions-2454071579,,,,,,,,,
https://www.linkedin.com/jobs/view/tableau-data-scientist-at-technology-ventures-2465359752,,,,,,,,,
https://www.linkedin.com/jobs/view/data-scientist-at-eight-eleven-group-2465536506,,,,,,,,,
https://www.linkedin.com/jobs/view/staff-data-scientist-at-glossier-inc-2463887926,,,,,,,,,
https://www.linkedin.com/jobs/view/data-scientist-at-matrix-resources-2464407089,,,,,,,,,
https://www.linkedin.com/jobs/view/data-scientist-intern-at-accenture-2465500723,,,,,,,,,
https://www.linkedin.com/jobs/view/data-scientist-fitness-sports-performance-category-at-solomon-page-2466186110,,,,,,,,,
https://www.linkedin.com/jobs/view/data-analysis-at-metasys-technologies-inc-2460360613,,,,,,,,,
https://www.linkedin.com/jobs/view/data-scientist-at-amerit-resources-private-limited-2464022871,,,,,,,,,
https://www.linkedin.com/jobs/view/machine-learning-engineer-at-omniforce-solutions-2464675131,,,,,,,,,
https://www.linkedin.com/jobs/view/lead-data-scientist-at-aditi-consulting-2454518683,,,,,,,,,
https://www.linkedin.com/jobs/view/data-scientist-at-fladger-associates-2451175874,,,,,,,,,
https://www.linkedin.com/jobs/view/data-scientist-at-system-one-2443217529,,,,,,,,,
https://www.linkedin.com/jobs/view/data-scientist-at-curate-partners-2448626150,,,,,,,,,
https://www.linkedin.com/jobs/view/data-scientist-at-flexton-inc-1959960383,,,,,,,,,
https://www.linkedin.com/jobs/view/data-scientist-at-make-corporation-2444170837,,,,,,,,,
https://www.linkedin.com/jobs/view/tableau-data-scientist-at-iconma-2465502735,,,,,,,,,
https://www.linkedin.com/jobs/view/data-scientist-at-ivory-systems-2437154852,,,,,,,,,
https://www.linkedin.com/jobs/view/machine-learning-engineer-at-mondo-2462815429,,,,,,,,,
https://www.linkedin.com/jobs/view/machine-learning-engineer-at-harnham-2454565724,,,,,,,,,
https://www.linkedin.com/jobs/view/jr-data-scientist-healthcare-data-analytics-at-disys-2444874430,,,,,,,,,
https://www.linkedin.com/jobs/view/data-scientist-fitness-sports-performance-category-at-solomon-page-2454545038,,,,,,,,,
https://www.linkedin.com/jobs/view/data-scientist-at-kforce-inc-2454091509,,,,,,,,,
https://www.linkedin.com/jobs/view/data-scientist-at-it-avalon-2463896767,,,,,,,,,
https://www.linkedin.com/jobs/view/data-scientist-at-e-solutions-2443263766,,,,,,,,,
https://www.linkedin.com/jobs/view/machine-learning-engineer-at-modis-2429281543,,,,,,,,,
https://www.linkedin.com/jobs/view/data-scientist-at-eteam-2454522789,,,,,,,,,
https://www.linkedin.com/jobs/view/data-scientist-at-eliassen-group-2435772974,,,,,,,,,
https://www.linkedin.com/jobs/view/data-scientist-100%25-remote-at-compugain-2436221692,,,,,,,,,
https://www.linkedin.com/jobs/view/data-scientist-at-ettain-group-2449138896,,,,,,,,,
https://www.linkedin.com/jobs/view/data-scientist-at-the-judge-group-2416719205,,,,,,,,,
https://www.linkedin.com/jobs/view/data-scientist-at-the-jacobson-group-2419676369,,,,,,,,,
https://www.linkedin.com/jobs/view/data-scientist-at-xcelerate-solutions-2463902030,,,,,,,,,
https://www.linkedin.com/jobs/view/data-scientist-at-ramboll-2455878442,,,,,,,,,
https://www.linkedin.com/jobs/view/data-science-co-op-freshmen-sophomores-preferred-at-delta-faucet-company-2418939604,,,,,,,,,
https://www.linkedin.com/jobs/view/data-science-at-e-solutions-2414770506,,,,,,,,,
https://www.linkedin.com/jobs/view/senior-research-associate-scientist-%E2%80%93-data-analytics-at-novome-biotechnologies-2444297901,,,,,,,,,
https://www.linkedin.com/jobs/view/data-scientist-routing-at-gelato-2454335454,,,,,,,,,
https://www.linkedin.com/jobs/view/statistician-data-scientist-at-centers-for-disease-control-and-prevention-2464797158,,,,,,,,,
https://www.linkedin.com/jobs/view/artificial-intelligence-machine-learning-ai-ml-research-scientist-at-lockheed-martin-2465522804,,,,,,,,,
https://www.linkedin.com/jobs/view/data-scientist-senior-at-centura-health-2447976396,,,,,,,,,
https://www.linkedin.com/jobs/view/data-scientist-contractor-at-bardess-group-ltd-2451692480,,,,,,,,,
https://www.linkedin.com/jobs/view/data-scientist-at-index-fresh-inc-2382743431,,,,,,,,,
https://www.linkedin.com/jobs/view/senior-data-scientist-chicago-at-spins-2397237577,,,,,,,,,
https://www.linkedin.com/jobs/view/data-science-graduate-research-assistant-at-university-of-maryland-2457732160,,,,,,,,,
https://www.linkedin.com/jobs/view/content-contributor-exploratory-data-analysis-at-codecademy-2440244320,,,,,,,,,
https://www.linkedin.com/jobs/view/cloud-data-engineer-data-scientist-remote-at-sealaska-2444173156,,,,,,,,,
https://www.linkedin.com/jobs/view/data-engineer-i-at-mediquant-2451694553,,,,,,,,,
https://www.linkedin.com/jobs/view/data-science-course-teaching-assistant-san-francisco-at-springboard-2413686481,,,,,,,,,
https://www.linkedin.com/jobs/view/associate-data-engineer-commercial-analytics-at-eab-2395531184,,,,,,,,,
https://www.linkedin.com/jobs/view/teaching-assistant-data-science-at-kaplan-2454048820,,,,,,,,,
https://www.linkedin.com/jobs/view/research-scientist-at-the-geneva-foundation-2446470996,,,,,,,,,
https://www.linkedin.com/jobs/view/interim-chief-data-scientist-at-lawrence-harvey-2416748201,,,,,,,,,
https://www.linkedin.com/jobs/view/cloud-data-engineer-data-scientist-remote-at-sealaska-2438841417,,,,,,,,,
https://www.linkedin.com/jobs/view/teaching-assistant-data-science-at-kaplan-test-prep-2210752858,,,,,,,,,
https://www.linkedin.com/jobs/view/data-scientist-data-engineer-with-security-clearance-at-clearancejobs-2466129882,,,,,,,,,
https://www.linkedin.com/jobs/view/data-scientist-intern-at-cubesmart-2441347483,,,,,,,,,
https://www.linkedin.com/jobs/view/part-time-instructor-data-analytics-and-data-science-online-at-uc-irvine-2438567640,,,,,,,,,
https://www.linkedin.com/jobs/view/research-scientist-3-50%25fte-at-university-of-washington-2436044516,,,,,,,,,
https://www.linkedin.com/jobs/view/part-time-data-science-instructor-at-college-of-coastal-georgia-2442627101,,,,,,,,,
https://www.linkedin.com/jobs/view/data-scientist-intern-fall-at-jacobs-2413446434,,,,,,,,,
https://www.linkedin.com/jobs/view/data-researcher-part-time-at-sporttechie-2352386495,,,,,,,,,
https://www.linkedin.com/jobs/view/research-scientist-engineer-1-at-university-of-washington-2436046346,,,,,,,,,
https://www.linkedin.com/jobs/view/research-statistician-researcher-interdisciplinary-at-u-s-department-of-the-treasury-2452753616,,,,,,,,,
https://www.linkedin.com/jobs/view/forensic-scientist-1-pattern-evidence-at-city-of-philadelphia-2452333896,,,,,,,,,
https://www.linkedin.com/jobs/view/quantitative-researcher-army-research-and-account-intelligence-at-fors-marsh-group-2434751021,,,,,,,,,
https://www.linkedin.com/jobs/view/senior-graph-machine-learning-engineer-at-uk-startup-jobs-2408527257,,,,,,,,,
https://www.linkedin.com/jobs/view/technical-research-asst-i-20-hours-day-renal-medicine-at-brigham-and-women-s-hospital-2330678680,,,,,,,,,
https://www.linkedin.com/jobs/view/user-experience-researcher-professional-apprentice-at-sherwin-williams-2418436879,,,,,,,,,
https://www.linkedin.com/jobs/view/data-engineer-azure-cosmos-at-e-solutions-2464096146,,,,,,,,,
https://www.linkedin.com/jobs/view/part-time-global-researcher-at-fieldprint-2458302565,,,,,,,,,
https://www.linkedin.com/jobs/view/clinical-lab-scientist-specialist-hematopoietic-progenitor-cell-hpc-laboratory-15297-at-uc-davis-health-2442961251,,,,,,,,,
https://www.linkedin.com/jobs/view/student-researcher-grant-funded-part-time-at-national-university-2440603958,,,,,,,,,
https://www.linkedin.com/jobs/view/aws-lead-data-engineer-w-data-science-knowledge-at-e-solutions-2405655744,,,,,,,,,
https://www.linkedin.com/jobs/view/verification-researcher-part-time-at-vertical-screen-inc-2464382570,,,,,,,,,
https://www.linkedin.com/jobs/view/research-scientist-iii-at-serco-2441326244,,,,,,,,,
https://www.linkedin.com/jobs/view/part-time-global-researcher-pa14829519-at-vertical-screen-inc-2450292358,,,,,,,,,
https://www.linkedin.com/jobs/view/mentor-data-engineering-course-part-time-remote-san-francisco-at-springboard-2413692621,,,,,,,,,
https://www.linkedin.com/jobs/view/vulnerability-researcher-part-time-option-available-with-security-clearance-at-clearancejobs-2460378363,,,,,,,,,
https://www.linkedin.com/jobs/view/vulnerability-researcher-part-time-with-security-clearance-at-clearancejobs-2438974088,,,,,,,,,
https://www.linkedin.com/jobs/view/data-researcher-part-time-at-sporttechie-2352390061,,,,,,,,,
https://www.linkedin.com/jobs/view/data-science-lead-at-e-solutions-2388221167,,,,,,,,,
https://www.linkedin.com/jobs/view/forensic-scientist-1-chemistry-job-at-philadelphia-international-airport-phl-2465681521,,,,,,,,,
https://www.linkedin.com/jobs/view/medical-lab-scientist-mls-at-ascension-2452482266,,,,,,,,,
https://www.linkedin.com/jobs/view/ase-stem-leaders-undergraduate-researcher-corvallis-at-oregon-state-university-2418354272,,,,,,,,,
https://www.linkedin.com/jobs/view/mls-medical-lab-scientist-at-ascension-2452484097,,,,,,,,,
https://www.linkedin.com/jobs/view/forensic-scientist-1-chemistry-at-city-of-philadelphia-2452938959,,,,,,,,,
https://www.linkedin.com/jobs/view/part-time-instructor-corporate-course-for-integrated-marketing-at-uc-irvine-2438568540,,,,,,,,,
https://www.linkedin.com/jobs/view/financial-analyst-data-scientist-cg-1160-15-at-federal-deposit-insurance-corporation-fdic-2465230413,,,,,,,,,
